country_group,avg_win_rate
Australia,0.6731260876574977
USA,0.6489694324347983
Brazil,0.6981629769564701
Japan,0.6334585560184464
Russia,0.785130256727183
Nigeria,0.8888888888888888
Mexico,0.6944529121387379
Rest of World,0.6628661532485377
